"Cycle_Index","Discharge_Capacity (Ah)"
"3","1.05"
"4","2.082"
"5","1.041"
"6","1.041"
"7","1.041"
"8","1.041"
"9","1.041"
"10","1.041"
"12","1.04"
"13","1.04"
"15","1.04"
"18","1.039"
"19","1.039"
"20","1.039"
"21","1.039"
"22","1.039"
"23","1.039"
"24","1.038"
"25","1.039"
"26","1.038"
"27","1.038"
"29","1.038"
"30","1.038"
"31","1.038"
"32","1.038"
"33","1.037"
"34","1.037"
"35","1.037"
"36","1.037"
"37","1.037"
"38","1.037"
"39","1.037"
"40","1.037"
"41","1.037"
"42","1.036"
"43","1.036"
"44","1.036"
"46","1.036"
"47","1.036"
"48","1.036"
"49","1.036"
"50","1.036"
"51","1.035"
"52","1.035"
"53","1.035"
"55","1.035"
"56","1.035"
"57","1.035"
"58","1.035"
"60","1.035"
"61","1.035"
"62","1.034"
"63","1.034"
"64","1.034"
"65","1.034"
"66","1.034"
"67","1.034"
"68","1.034"
"69","1.034"
"70","1.034"
"71","1.034"
"72","1.034"
"73","1.034"
"74","1.033"
"75","1.033"
"76","1.033"
"77","1.033"
"79","1.033"
"81","1.033"
"82","1.033"
"83","1.033"
"84","1.032"
"85","1.032"
"86","1.033"
"87","1.032"
"88","1.032"
"89","1.032"
"90","1.032"
"91","1.032"
"93","1.032"
"94","1.032"
"95","1.032"
"96","1.032"
"98","1.031"
"99","1.031"
"100","1.031"
"102","1.031"
"103","1.031"
"104","1.031"
"105","1.031"
"106","1.031"
"107","1.031"
"108","1.031"
"109","1.031"
"110","1.03"
"111","1.03"
"112","1.03"
"113","1.03"
"114","1.03"
"116","1.03"
"117","1.03"
"118","1.03"
"119","1.03"
"121","1.03"
"122","1.03"
"123","1.029"
"125","1.029"
"126","1.029"
"128","1.029"
"129","1.029"
"130","1.029"
"131","1.029"
"132","1.028"
"134","1.029"
"135","1.029"
"136","1.028"
"137","1.028"
"138","1.028"
"140","1.028"
"141","1.028"
"143","1.028"
"145","1.028"
"146","1.028"
"147","1.028"
"148","1.028"
"149","1.027"
"150","1.027"
"151","1.027"
"152","1.027"
"154","1.027"
"155","1.027"
"156","1.027"
"157","1.027"
"158","1.027"
"159","1.027"
"160","1.027"
"161","1.026"
"162","1.026"
"164","1.026"
"165","1.026"
"166","1.026"
"167","1.026"
"168","1.026"
"169","1.026"
"170","1.026"
"172","1.026"
"173","1.026"
"174","1.025"
"175","1.025"
"176","1.025"
"177","1.025"
"178","1.025"
"179","1.025"
"180","1.025"
"181","1.025"
"183","1.025"
"184","1.025"
"185","1.025"
"186","1.025"
"187","1.025"
"188","1.025"
"190","1.025"
"191","1.024"
"192","1.024"
"193","1.024"
"194","1.024"
"195","1.024"
"197","1.024"
"198","1.024"
"199","1.024"
"200","1.024"
"201","1.024"
"202","1.024"
"203","1.024"
"205","1.024"
"206","1.023"
"207","0"
"209","1.039"
"210","1.041"
"211","1.042"
"212","2.063"
"213","1.032"
"214","1.032"
"215","1.032"
"216","1.031"
"218","1.031"
"219","1.031"
"220","1.031"
"221","1.031"
"222","1.03"
"223","1.03"
"225","1.03"
"226","1.03"
"227","1.03"
"228","1.029"
"229","1.029"
"230","1.029"
"231","1.029"
"232","1.029"
"233","1.029"
"234","1.028"
"235","1.028"
"236","1.028"
"237","1.028"
"238","1.028"
"239","1.028"
"241","1.027"
"243","1.027"
"245","1.027"
"246","1.027"
"247","1.027"
"248","1.027"
"249","1.026"
"250","1.026"
"251","1.026"
"252","1.026"
"253","1.026"
"254","1.026"
"255","1.026"
"257","1.025"
"258","1.025"
"259","1.025"
"260","1.025"
"261","1.025"
"262","1.025"
"263","1.025"
"264","1.024"
"265","1.024"
"266","1.024"
"267","1.024"
"268","1.024"
"269","1.024"
"270","1.024"
"271","1.024"
"272","1.024"
"273","1.024"
"274","1.023"
"275","1.023"
"276","1.023"
"277","1.013"
"278","1.021"
"280","1.021"
"281","1.021"
"283","1.021"
"284","1.021"
"285","1.021"
"286","1.021"
"287","1.021"
"288","1.021"
"289","1.021"
"290","1.021"
"291","1.021"
"292","1.021"
"293","1.021"
"294","1.021"
"295","1.021"
"296","1.021"
"297","1.021"
"298","1.021"
"299","1.021"
"300","1.021"
"301","1.021"
"302","1.021"
"303","1.021"
"304","1.02"
"305","1.02"
"306","1.02"
"307","1.02"
"308","1.02"
"309","1.02"
"310","1.02"
"311","1.02"
"312","1.02"
"313","1.02"
"314","1.02"
"315","1.02"
"316","1.02"
"317","1.02"
"318","1.019"
"319","1.019"
"320","1.019"
"321","1.019"
"322","1.019"
"323","1.019"
"324","1.019"
"325","1.019"
"326","1"
"327","1.007"
"328","1.007"
"329","1.008"
"330","1.008"
"331","1.008"
"332","1.009"
"333","1.009"
"334","1.009"
"336","1.009"
"337","1.01"
"340","1.01"
"342","1.01"
"343","1.01"
"344","1.01"
"345","1.01"
"346","1.011"
"347","1.01"
"348","1.011"
"349","1.011"
"350","1.011"
"351","1.011"
"352","1.011"
"353","1.011"
"354","1.011"
"355","1.011"
"356","1.011"
"357","1.011"
"358","1.011"
"359","1.011"
"360","1.011"
"361","1.011"
"362","1.011"
"363","1.011"
"364","1.011"
"365","1.011"
"366","1.011"
"367","1.011"
"368","1.011"
"369","1.011"
"370","1.011"
"371","1.011"
"372","1.011"
"373","1.011"
"374","1.011"
"375","1.011"
"376","1.011"
"377","1.011"
"378","1.011"
"379","1.011"
"380","1.011"
"381","1.01"
"382","1.011"
"384","1.01"
"385","1.01"
"386","1.01"
"387","1.01"
"388","1.01"
"389","1.01"
"390","1.01"
"391","1.01"
"392","1.01"
"393","1.01"
"394","1.01"
"395","1.01"
"396","1.01"
"397","1.01"
"398","1.01"
"399","1.01"
"400","1.01"
"401","1.01"
"402","1.01"
"403","1.01"
"404","1.01"
"405","1.01"
"406","1.009"
"407","1.009"
"408","1.009"
"409","1.009"
"410","1.009"
"411","1.022"
"412","1.022"
"413","1.023"
"414","0"
"415","1.024"
"416","1.025"
"417","1.025"
"418","2.027"
"419","1.013"
"420","1.013"
"421","1.013"
"422","1.013"
"423","1.013"
"424","1.013"
"425","1.012"
"426","1.012"
"427","1.012"
"428","1.012"
"429","1.012"
"430","1.012"
"431","1.012"
"432","1.012"
"433","1.012"
"434","1.012"
"435","1.011"
"436","1.011"
"437","1.011"
"438","1.011"
"439","1.011"
"440","1.011"
"441","1.011"
"442","1.011"
"444","1.011"
"445","1.011"
"446","1.011"
"447","1.011"
"448","1.01"
"450","1.01"
"451","1.01"
"452","1.01"
"453","1.01"
"454","1.01"
"455","1.01"
"456","1.01"
"457","1.01"
"458","1.009"
"459","1.009"
"460","1.009"
"461","1.009"
"462","1.009"
"463","1.009"
"465","1.009"
"466","1.009"
"467","1.009"
"468","1.009"
"469","1.009"
"470","1.009"
"471","1.009"
"472","1.009"
"473","1.009"
"474","1.008"
"475","1.008"
"476","1.008"
"477","1.008"
"478","1.008"
"479","1.008"
"480","1.008"
"481","1.008"
"482","1.008"
"483","1.008"
"484","1.008"
"485","1.008"
"487","1.008"
"488","1.008"
"489","1.007"
"490","1.007"
"491","1.007"
"492","1.007"
"493","1.007"
"494","1.007"
"495","1.007"
"496","1.007"
"497","1.007"
"498","1.007"
"499","1.007"
"500","1.007"
"501","1.007"
"502","1.007"
"503","1.007"
"504","1.007"
"505","1.007"
"507","1.007"
"508","1.006"
"509","1.006"
"510","1.006"
"511","1.006"
"512","1.006"
"513","1.006"
"514","1.006"
"515","1.006"
"517","1.006"
"518","1.006"
"519","1.006"
"520","1.006"
"521","1.006"
"522","1.006"
"523","1.006"
"524","1.006"
"525","1.005"
"526","1.005"
"527","1.005"
"528","1.005"
"529","1.005"
"530","1.005"
"531","1.005"
"532","1.005"
"533","1.005"
"534","1.005"
"535","1.005"
"536","1.005"
"538","1.005"
"540","1.005"
"541","1.005"
"542","1.005"
"544","1.005"
"545","1.005"
"546","1.004"
"547","1.004"
"548","1.004"
"549","1.004"
"550","1.004"
"551","1.004"
"552","1.004"
"553","1.004"
"554","1.004"
"555","1.004"
"557","1.004"
"558","1.004"
"559","1.004"
"560","1.004"
"561","1.004"
"562","1.004"
"563","1.003"
"564","1.003"
"565","1.003"
"567","1.003"
"568","1.003"
"569","1.003"
"570","1.003"
"571","1.003"
"572","1.003"
"573","1.003"
"574","1.003"
"575","1.003"
"576","1.003"
"577","1.003"
"579","1.003"
"580","1.003"
"581","1.003"
"582","1.003"
"583","1.003"
"584","1.002"
"585","1.002"
"586","1.002"
"587","1.002"
"588","1.002"
"589","1.002"
"590","1.002"
"592","1.002"
"593","1.002"
"594","1.002"
"595","1.002"
"596","1.002"
"597","1.002"
"598","1.002"
"599","1.002"
"600","1.002"
"601","1.002"
"602","1.001"
"603","1.001"
"604","1.001"
"606","1.001"
"607","1.001"
"608","1.001"
"609","1.001"
"610","1.001"
"611","1.001"
"612","1.001"
"613","1.001"
"614","1.001"
"615","1.001"
"616","1.001"
"617","1.014"
"618","1.015"
"619","1.015"
"620","0"
"621","1.022"
"622","1.025"
"623","1.025"
"624","2.023"
"625","1.012"
"626","1.012"
"627","1.012"
"628","1.011"
"629","1.011"
"630","1.011"
"631","1.011"
"632","1.011"
"633","1.011"
"634","1.011"
"636","1.011"
"637","1.011"
"638","1.01"
"639","1.01"
"640","1.01"
"641","1.01"
"642","1.01"
"643","1.01"
"644","1.01"
"645","1.01"
"646","1.009"
"647","1.009"
"648","1.009"
"649","1.009"
"650","1.009"
"651","1.009"
"652","1.009"
"653","1.009"
"654","1.008"
"655","1.008"
"656","1.008"
"657","1.008"
"658","1.008"
"659","1.008"
"660","1.008"
"661","1.008"
"663","1.008"
"664","1.007"
"665","1.007"
"666","1.007"
"667","1.007"
"668","1.007"
"669","1.007"
"670","1.007"
"671","1.007"
"672","1.007"
"673","1.006"
"675","1.006"
"676","1.006"
"677","1.006"
"678","1.006"
"679","1.006"
"680","1.006"
"681","1.006"
"682","1.006"
"683","1.006"
"684","1.005"
"685","1.005"
"686","1.005"
"687","1.005"
"688","1.005"
"689","1.005"
"691","1.005"
"692","1.005"
"693","1.005"
"694","1.004"
"695","1.005"
"696","1.004"
"697","1.004"
"698","1.004"
"699","1.004"
"700","1.004"
"701","1.004"
"702","1.004"
"703","1.004"
"704","1.004"
"705","1.004"
"706","1.004"
"707","1.003"
"708","1.003"
"709","1.003"
"710","1.003"
"711","1.003"
"712","1.003"
"713","1.003"
"714","1.003"
"715","1.003"
"716","1.003"
"717","1.003"
"718","1.003"
"719","1.002"
"720","1.002"
"721","1.002"
"722","1.002"
"723","1.002"
"724","1.002"
"725","1.002"
"726","1.002"
"727","1.002"
"728","1.002"
"729","1.002"
"730","1.002"
"731","1.002"
"732","1.001"
"733","1.001"
"734","1.001"
"735","1.001"
"736","1.001"
"737","1.001"
"738","1.001"
"739","1.001"
"740","1.001"
"741","1.001"
"742","1.001"
"743","1.001"
"744","1"
"745","1"
"746","1"
"747","1"
"748","1"
"749","1"
"750","1"
"751","1"
"752","1"
"753","1"
"754","1"
"755","1"
"756","1"
"757","1"
"758","0.999"
"759","0.999"
"762","0.999"
"763","0.999"
"764","0.999"
"765","0.999"
"766","0.999"
"767","0.999"
"768","0.999"
"769","0.999"
"770","0.999"
"771","0.998"
"772","0.998"
"773","0.998"
"774","0.998"
"775","0.998"
"776","0.998"
"777","0.998"
"778","0.998"
"779","0.998"
"780","0.998"
"781","0.998"
"782","0.997"
"783","0.997"
"784","0.997"
"785","0.997"
"786","0.997"
"787","0.997"
"788","0.997"
"789","0.997"
"790","0.997"
"791","0.997"
"792","0.997"
"793","0.997"
"795","0.997"
"796","0.997"
"797","0.997"
"798","0.996"
"799","0.996"
"800","0.996"
"801","0.996"
"802","0.996"
"803","0.996"
"804","0.996"
"806","0.996"
"807","0.996"
"808","0.996"
"809","0.996"
"810","0.996"
"812","0.996"
"813","0.995"
"814","0.995"
"815","0.995"
"816","0.995"
"817","0.995"
"818","0.995"
"819","0.995"
"820","0.995"
"821","0.995"
"822","0.995"
"823","1.01"
"824","1.01"
"825","1.011"
"826","0"
"827","1.016"
"828","1.019"
"829","1.02"
"830","2.011"
"831","1.006"
"832","1.006"
"833","1.006"
"834","1.006"
"835","1.006"
"836","1.005"
"837","1.005"
"838","1.005"
"839","1.005"
"841","1.005"
"842","1.005"
"843","1.005"
"844","1.005"
"845","1.004"
"846","1.004"
"847","1.004"
"848","1.004"
"850","1.004"
"851","1.004"
"852","1.004"
"853","1.003"
"854","1.003"
"855","1.003"
"856","1.003"
"857","1.003"
"858","1.003"
"860","1.003"
"861","1.003"
"862","1.002"
"864","1.002"
"865","1.002"
"866","1.002"
"867","1.002"
"868","1.002"
"869","1.002"
"870","1.002"
"871","1.001"
"872","1.001"
"873","1.001"
"874","1.001"
"875","1.001"
"876","1.001"
"877","1.001"
"878","1.001"
"879","1.001"
"880","1.001"
"881","1.001"
"882","1"
"883","1.001"
"884","1"
"885","1"
"887","1"
"888","1"
"889","1"
"890","1"
"893","0.999"
"894","0.999"
"895","0.999"
"896","0.999"
"897","0.999"
"898","0.999"
"899","0.999"
"901","0.999"
"903","0.999"
"904","0.998"
"905","0.998"
"906","0.998"
"907","0.998"
"908","0.998"
"909","0.998"
"910","0.998"
"911","0.998"
"912","0.998"
"913","0.998"
"914","0.997"
"915","0.997"
"916","0.997"
"917","0.997"
"918","0.997"
"919","0.997"
"920","0.997"
"921","0.997"
"923","0.997"
"924","0.997"
"925","0.997"
"926","0.997"
"927","0.997"
"928","0.996"
"929","0.996"
"930","0.996"
"931","0.996"
"932","0.996"
"933","0.996"
"934","0.996"
"935","0.996"
"936","0.996"
"937","0.996"
"938","0.996"
"939","0.996"
"940","0.995"
"941","0.995"
"942","0.995"
"943","0.995"
"945","0.995"
"946","0.995"
"947","0.995"
"948","0.995"
"949","0.995"
"950","0.995"
"951","0.995"
"952","0.995"
"953","0.994"
"954","0.994"
"955","0.994"
"956","0.994"
"957","0.994"
"958","0.994"
"959","0.994"
"960","0.994"
"961","0.994"
"962","0.994"
"963","0.994"
"964","0.994"
"965","0.993"
"969","0.993"
"970","0.993"
"971","0.993"
"972","0.993"
"973","0.993"
"974","0.993"
"975","0.993"
"976","0.993"
"977","0.993"
"978","0.993"
"979","0.992"
"980","0.992"
"981","0.992"
"982","0.992"
"983","0.992"
"984","0.992"
"985","0.992"
"986","0.992"
"987","0.992"
"989","0.992"
"991","0.992"
"992","0.991"
"993","0.991"
"994","0.991"
"996","0.991"
"997","0.991"
"998","0.991"
"999","0.991"
"1001","0.991"
"1002","0.991"
"1003","0.991"
"1004","0.991"
"1005","0.991"
"1006","0.991"
"1009","0.99"
"1011","0.99"
"1012","0.99"
"1013","0.99"
"1014","0.99"
"1015","0.99"
"1016","0.99"
"1017","0.99"
"1018","0.99"
"1019","0.99"
"1020","0.99"
"1021","0.989"
"1022","0.989"
"1023","0.989"
"1024","0.989"
"1025","0.989"
"1027","0.989"
"1028","0.989"
"1030","1.005"
"1031","1.005"
"1032","0"
"1033","1.01"
"1034","1.013"
"1035","1.013"
"1036","1.996"
"1037","0.998"
"1038","0.998"
"1039","0.998"
"1040","0.998"
"1041","0.998"
"1042","0.998"
"1043","0.998"
"1044","0.998"
"1045","0.997"
"1046","0.997"
"1047","0.997"
"1048","0.997"
"1049","0.997"
"1050","0.997"
"1051","0.997"
"1052","0.997"
"1053","0.996"
"1054","0.996"
"1055","0.996"
"1056","0.996"
"1058","0.996"
"1059","0.996"
"1060","0.996"
"1061","0.995"
"1062","0.995"
"1063","0.995"
"1064","0.995"
"1065","0.995"
"1066","0.995"
"1067","0.995"
"1068","0.995"
"1071","0.995"
"1072","0.994"
"1073","0.994"
"1074","0.994"
"1075","0.994"
"1076","0.994"
"1077","0.994"
"1078","0.994"
"1079","0.994"
"1080","0.994"
"1081","0.994"
"1082","0.993"
"1083","0.993"
"1084","0.993"
"1085","0.993"
"1086","0.993"
"1087","0.993"
"1088","0.993"
"1089","0.993"
"1090","0.993"
"1091","0.992"
"1092","0.992"
"1093","0.992"
"1094","0.992"
"1095","0.992"
"1096","0.992"
"1097","0.992"
"1098","0.992"
"1099","0.992"
"1100","0.992"
"1101","0.992"
"1102","0.991"
"1103","0.991"
"1104","0.991"
"1105","0.991"
"1106","0.991"
"1107","0.991"
"1108","0.991"
"1109","0.991"
"1110","0.991"
"1111","0.99"
"1113","0.99"
"1114","0.99"
"1115","0.99"
"1116","0.99"
"1117","0.99"
"1118","0.99"
"1119","0.99"
"1121","0.989"
"1122","0.989"
"1123","0.989"
"1124","0.989"
"1125","0.989"
"1126","0.989"
"1127","0.989"
"1129","0.989"
"1131","0.989"
"1132","0.989"
"1133","0.989"
"1134","0.988"
"1136","0.988"
"1137","0.988"
"1138","0.988"
"1139","0.988"
"1140","0.988"
"1141","0.988"
"1143","0.988"
"1144","0.988"
"1145","0.988"
"1147","0.988"
"1148","0.988"
"1150","0.987"
"1151","0.987"
"1152","0.987"
"1153","0.987"
"1154","0.987"
"1155","0.987"
"1156","0.987"
"1157","0.987"
"1158","0.987"
"1159","0.987"
"1160","0.987"
"1161","0.987"
"1162","0.987"
"1163","0.986"
"1164","0.986"
"1165","0.986"
"1166","0.986"
"1167","0.986"
"1168","0.986"
"1169","0.986"
"1170","0.986"
"1171","0.986"
"1172","0.985"
"1173","0.985"
"1174","0.985"
"1175","0.985"
"1176","0.985"
"1177","0.985"
"1178","0.985"
"1179","0.985"
"1181","0.985"
"1182","0.985"
"1183","0.985"
"1184","0.985"
"1185","0.985"
"1187","0.984"
"1189","0.984"
"1190","0.984"
"1191","0.984"
"1193","0.984"
"1194","0.984"
"1195","0.984"
"1196","0.984"
"1197","0.984"
"1199","0.984"
"1200","0.983"
"1201","0.983"
"1202","0.983"
"1203","0.983"
"1204","0.983"
"1205","0.983"
"1206","0.983"
"1207","0.983"
"1208","0.983"
"1210","0.983"
"1211","0.982"
"1213","0.982"
"1214","0.982"
"1215","0.983"
"1216","0.983"
"1217","0.981"
"1218","0.982"
"1219","0.982"
"1220","0.982"
"1221","0.982"
"1222","0.982"
"1223","0.982"
"1224","0.982"
"1225","0.982"
"1226","0.981"
"1227","0.981"
"1228","0.981"
"1229","0.981"
"1230","0.981"
"1231","0.981"
"1232","0.981"
"1234","0.981"
"1235","0.998"
"1236","0.998"
"1237","0.999"
"1238","0"
"1239","1.001"
"1240","1.003"
"1241","1.003"
"1242","1.972"
"1243","0.986"
"1244","0.986"
"1245","0.986"
"1246","0.986"
"1247","0.985"
"1248","0.985"
"1249","0.985"
"1250","0.985"
"1251","0.985"
"1252","0.985"
"1253","0.985"
"1254","0.985"
"1255","0.985"
"1256","0.984"
"1258","0.984"
"1259","0.984"
"1260","0.984"
"1261","0.984"
"1262","0.984"
"1263","0.983"
"1264","0.983"
"1265","0.983"
"1266","0.983"
"1267","0.983"
"1268","0.983"
"1269","0.983"
"1270","0.982"
"1272","0.982"
"1273","0.982"
"1274","0.982"
"1277","0.982"
"1278","0.982"
"1279","0.982"
"1280","0.981"
"1281","0.981"
"1283","0.981"
"1284","0.981"
"1285","0.981"
"1286","0.981"
"1287","0.981"
"1288","0.981"
"1289","0.981"
"1290","0.98"
"1291","0.98"
"1292","0.98"
"1293","0.98"
"1295","0.98"
"1296","0.98"
"1297","0.98"
"1298","0.98"
"1299","0.98"
"1300","0.98"
"1301","0.979"
"1302","0.979"
"1303","0.979"
"1304","0.979"
"1305","0.979"
"1306","0.979"
"1307","0.979"
"1308","0.979"
"1309","0.979"
"1311","0.979"
"1312","0.978"
"1313","0.979"
"1314","0.978"
"1315","0.978"
"1316","0.978"
"1317","0.978"
"1318","0.978"
"1319","0.978"
"1320","0.978"
"1321","0.978"
"1322","0.978"
"1323","0.978"
"1324","0.977"
"1325","0.977"
"1326","0.977"
"1327","0.977"
"1329","0.977"
"1331","0.977"
"1332","0.977"
"1333","0.977"
"1334","0.977"
"1335","0.977"
"1336","0.977"
"1337","0.977"
"1338","0.976"
"1340","0.976"
"1341","0.976"
"1342","0.976"
"1343","0.976"
"1344","0.976"
"1345","0.976"
"1346","0.976"
"1347","0.976"
"1348","0.976"
"1349","0.976"
"1350","0.975"
"1351","0.975"
"1352","0.975"
"1353","0.975"
"1354","0.975"
"1355","0.975"
"1356","0.975"
"1357","0.975"
"1358","0.975"
"1359","0.975"
"1361","0.975"
"1363","0.974"
"1364","0.974"
"1365","0.974"
"1366","0.974"
"1367","0.974"
"1368","0.974"
"1371","0.974"
"1372","0.974"
"1373","0.974"
"1374","0.974"
"1375","0.974"
"1376","0.974"
"1377","0.973"
"1378","0.973"
"1380","0.973"
"1381","0.973"
"1382","0.973"
"1383","0.973"
"1384","0.973"
"1385","0.973"
"1387","0.973"
"1388","0.973"
"1389","0.973"
"1390","0.973"
"1391","0.973"
"1392","0.972"
"1393","0.972"
"1394","0.972"
"1395","0.972"
"1396","0.972"
"1397","0.972"
"1398","0.972"
"1400","0.972"
"1401","0.972"
"1402","0.972"
"1403","0.972"
"1404","0.972"
"1405","0.972"
"1406","0.971"
"1407","0.971"
"1408","0.971"
"1409","0.971"
"1410","0.971"
"1412","0.971"
"1413","0.971"
"1414","0.971"
"1415","0.971"
"1416","0.971"
"1417","0.971"
"1418","0.971"
"1419","0.97"
"1420","0.971"
"1421","0.971"
"1422","0.971"
"1423","0.971"
"1424","0.97"
"1425","0.97"
"1426","0.97"
"1427","0.97"
"1428","0.97"
"1429","0.97"
"1430","0.97"
"1431","0.97"
"1433","0.97"
"1434","0.97"
"1435","0.97"
"1436","0.969"
"1437","0.969"
"1438","0.969"
"1439","0.969"
"1440","0.969"
"1441","0.969"
"1442","0.969"
"1443","0.969"
"1444","0.969"
"1446","0.969"
"1447","0.969"
"1448","0.969"
"1449","0.968"
"1450","0.968"
"1451","0.968"
"1452","0.968"
"1453","0.968"
"1454","0.968"
"1456","0.968"
"1457","0.968"
"1458","0.968"
"1459","0.968"
"1460","0.968"
"1461","0.968"
"1462","0.968"
"1463","0.968"
"1464","0.968"
"1465","0.968"
"1466","0.967"
"1467","0.968"
"1468","0.967"
"1469","0.967"
"1470","0.967"
"1472","0.967"
"1474","0.967"
"1475","0.967"
"1476","0.967"
"1477","0.967"
"1478","0.967"
"1479","0.966"
"1480","0.967"
"1481","0.966"
"1482","0.966"
"1483","0.966"
"1484","0.966"
"1485","0.966"
"1486","0.966"
"1487","0.966"
"1488","0.966"
"1489","0.966"
"1490","0.966"
"1491","0.966"
"1492","0.966"
"1493","0.966"
"1494","0.966"
"1495","0.966"
"1496","0.965"
"1497","0.965"
"1499","0.965"
"1500","0.965"
"1501","0.965"
"1502","0.965"
"1503","0.965"
"1504","0.965"
"1505","0.965"
"1506","0.965"
"1507","0.965"
"1508","0.965"
"1509","0.965"
"1510","0.965"
"1511","0.965"
"1512","0.964"
"1513","0.964"
"1514","0.964"
"1515","0.964"
"1516","0.964"
"1517","0.964"
"1518","0.964"
"1520","0.964"
"1521","0.964"
"1522","0.964"
"1523","0.964"
"1524","0.964"
"1525","0.964"
"1526","0.964"
"1527","0.964"
"1528","0.964"
"1529","0.963"
"1530","0.963"
"1531","0.963"
"1532","0.963"
"1534","0.963"
"1535","0.963"
"1537","0.963"
"1538","0.963"
"1539","0.963"
"1540","0.963"
"1541","0.963"
"1542","0.963"
"1543","0.963"
"1545","0.962"
"1547","0.962"
"1548","0.962"
"1549","0.962"
"1550","0.962"
"1552","0.962"
"1553","0.962"
"1554","0.962"
"1556","0.962"
"1557","0.961"
"1559","0.961"
"1560","0.961"
"1562","0.961"
"1563","0.961"
"1564","0.961"
"1565","0.961"
"1566","0.961"
"1567","0.961"
"1569","0.961"
"1570","0.961"
"1571","0.961"
"1572","0.961"
"1573","0.961"
"1574","0.961"
"1575","0.96"
"1576","0.96"
"1577","0.96"
"1578","0.96"
"1580","0.96"
"1581","0.96"
"1582","0.96"
"1583","0.96"
"1584","0.96"
"1585","0.96"
"1586","0.96"
"1587","0.96"
"1590","0.959"
"1591","0.959"
"1592","0.959"
"1593","0.959"
"1594","0.959"
"1596","0.959"
"1597","0.959"
"1598","0.959"
"1599","0.959"
"1600","0.959"
"1601","0.959"
"1602","0.959"
"1603","0.959"
"1604","0.958"
"1605","0.959"
"1606","0.958"
"1608","0.958"
"1609","0.958"
"1610","0.852"
"1611","0.959"
"1613","0.959"
"1614","0.958"
"1615","0.958"
"1617","0.958"
"1619","0.958"
"1620","0.958"
"1621","0.958"
"1623","0.958"
"1624","0.958"
"1625","0.958"
"1627","0.958"
"1629","0.958"
"1630","0.957"
"1631","0.957"
"1632","0.957"
"1633","0.957"
"1634","0.957"
"1636","0.957"
"1638","0.957"
"1639","0.957"
"1640","0.957"
"1641","0.956"
"1642","0.956"
"1643","0.956"
"1644","0.956"
"1647","0.956"
"1648","0.956"
"1649","0.956"
"1650","0.955"
"1651","0.955"
"1652","0.955"
"1654","0.955"
"1655","0.955"
"1656","0.955"
"1657","0.955"
"1659","0.955"
"1661","0.955"
"1662","0.955"
"1663","0.955"
"1664","0.955"
"1665","0.954"
"1666","0.954"
"1667","0.954"
"1668","0.954"
"1670","0.954"
"1673","0.954"
"1674","0.954"
"1675","0.954"
"1676","0.954"
"1677","0.954"
"1678","0.954"
"1679","0.954"
"1680","0.953"
"1681","0.953"
"1682","0.953"
"1683","0.953"
"1684","0.953"
"1685","0.953"
"1686","0.953"
"1687","0.953"
"1689","0.953"
"1690","0.953"
"1691","0.953"
"1692","0.953"
"1694","0.953"
"1695","0.953"
"1696","0.953"
"1697","0.953"
"1698","0.952"
"1699","0.952"
"1701","0.952"
"1702","0.952"
"1703","0.952"
"1704","0.952"
"1705","0.952"
"1706","0.952"
"1707","0.952"
"1708","0.952"
"1709","0.952"
"1710","0.952"
"1711","0.952"
"1712","0.952"
"1713","0.951"
"1714","0.951"
"1715","0.952"
"1716","0.951"
"1717","0.951"
"1718","0.951"
"1719","0.951"
"1720","0.951"
"1721","0.951"
"1722","0.951"
"1723","0.951"
"1724","0.951"
"1725","0.951"
"1726","0.951"
"1727","0.951"
"1728","0.951"
"1729","0.951"
"1730","0.95"
"1731","0.95"
"1732","0.95"
"1733","0.95"
"1734","0.95"
"1735","0.95"
"1736","0.95"
"1738","0.95"
"1739","0.95"
"1740","0.95"
"1741","0.95"
"1742","0.95"
"1744","0.95"
"1745","0.95"
"1746","0.95"
"1748","0.949"
"1749","0.949"
"1750","0.949"
"1752","0.949"
"1753","0.949"
"1754","0.949"
"1755","0.949"
"1756","0.949"
"1757","0.949"
"1758","0.949"
"1759","0.949"
"1760","0.949"
"1761","0.949"
"1762","0.949"
"1763","0.948"
"1764","0.948"
"1765","0.948"
"1766","0.948"
"1767","0.948"
"1768","0.948"
"1769","0.948"
"1770","0.948"
"1771","0.948"
"1772","0.948"
"1773","0.948"
"1774","0.948"
"1775","0.948"
"1776","0.948"
"1777","0.947"
"1778","0.948"
"1779","0.947"
"1780","0.947"
"1781","0.947"
"1782","0.947"
"1783","0.947"
"1784","0.947"
"1786","0.947"
"1787","0.947"
"1788","0.947"
"1789","0.947"
"1790","0.947"
"1791","0.947"
"1792","0.947"
"1793","0.947"
"1794","0.947"
"1795","0.947"
"1796","0.946"
"1797","0.946"
"1798","0.946"
"1799","0.946"
"1801","0.946"
"1802","0.946"
"1803","0.946"
"1804","0.946"
"1805","0.946"
"1806","0.946"
"1808","0.946"
"1809","0.945"
"1810","0.945"
"1811","0.945"
"1812","0.945"
"1813","0.945"
"1815","0.945"
"1816","0.945"
"1819","0.945"
"1820","0.945"
"1821","0.945"
"1822","0.945"
"1824","0.945"
"1825","0.945"
"1826","0.945"
"1827","0.944"
"1828","0.944"
"1829","0.944"
"1830","0.944"
"1831","0.944"
"1832","0.944"
"1833","0.944"
"1835","0.944"
"1836","0.944"
"1837","0.944"
"1838","0.944"
"1839","0.944"
"1840","0.944"
"1841","0.944"
"1842","0.943"
"1843","0.943"
"1844","0.943"
"1845","0.943"
"1846","0.943"
"1847","0.943"
"1848","0.943"
"1849","0.943"
"1850","0.943"
"1851","0.943"
"1852","0.943"
"1853","0.943"
"1854","0.943"
"1855","0.943"
"1856","0.943"
"1857","0.943"
"1858","0.943"
"1859","0.942"
"1860","0.942"
"1861","0.942"
"1862","0.942"
"1863","0.942"
"1864","0.942"
"1865","0.942"
"1866","0.942"
"1867","0.942"
"1868","0.942"
"1869","0.942"
"1871","0.942"
"1872","0.942"
"1873","0.942"
"1874","0.942"
"1875","0.941"
"1876","0.941"
"1877","0.941"
"1878","0.941"
"1879","0.941"
"1880","0.941"
"1881","0.941"
"1882","0.941"
"1883","0.94"
"1884","0.94"
"1885","0.94"
"1886","0.94"
"1887","0.94"
"1888","0.94"
"1889","0.94"
"1890","0.94"
"1891","0.94"
"1892","0.94"
"1893","0.94"
"1894","0.94"
"1895","0.94"
"1896","0.94"
"1897","0.94"
"1898","0.94"
"1899","0.94"
"1900","0.94"
"1902","0.939"
"1903","0.939"
"1904","0.939"
"1905","0.939"
"1906","0.939"
"1907","0.939"
"1908","0.939"
"1910","0.939"
"1911","0.939"
"1912","0.939"
"1913","0.939"
"1915","0.939"
"1916","0.939"
"1918","0.938"
"1919","0.938"
"1920","0.938"
"1922","0.938"
"1923","0.938"
"1924","0.938"
"1925","0.938"
"1926","0.938"
"1928","0.938"
"1930","0.938"
"1931","0.938"
"1932","0.938"
"1933","0.938"
"1934","0.938"
"1935","0.937"
"1936","0.937"
"1937","0.937"
"1938","0.937"
"1939","0.937"
"1940","0.937"
"1941","0.937"
"1942","0.937"
"1943","0.937"
"1944","0.937"
"1946","0.937"
"1947","0.937"
"1949","0.937"
"1950","0.937"
"1951","0.937"
"1952","0.937"
"1953","0.937"
"1954","0.936"
"1957","0.936"
"1958","0.936"
"1959","0.936"
"1960","0.936"
"1961","0.936"
"1962","0.936"
"1963","0.936"
"1965","0.936"
"1966","0.936"
"1967","0.936"
"1968","0.936"
"1969","0.936"
"1970","0.936"
"1971","0.936"
"1972","0.935"
"1973","0.935"
"1974","0.935"
"1975","0.935"
"1976","0.935"
"1977","0.935"
"1978","0.935"
"1979","0.935"
"1980","0.935"
"1981","0.935"
"1982","0.935"
"1983","0.935"
"1984","0.935"
"1985","0.935"
"1986","0.935"
"1987","0.934"
"1988","0.934"
"1989","0.934"
"1990","0.934"
"1991","0.934"
"1992","0.934"
"1993","0.934"
"1994","0.934"
"1995","0.934"
"1996","0.934"
"1997","0.934"
"1998","0.934"
"1999","0.934"
"2000","0.934"
"2001","0.934"
"2002","0.934"
"2003","0.934"
"2004","0.933"
"2005","0.933"
"2006","0.933"
"2007","0.933"
"2009","0.933"
"2010","0.933"
"2012","0.933"
"2013","0.933"
"2015","0.933"
"2016","0.933"
"2018","0.933"
"2019","0.933"
"2020","0.933"
"2021","0.933"
"2022","0.932"
"2023","0.932"
"2024","0.932"
"2025","0.932"
"2026","0.932"
"2027","0.932"
"2028","0.932"
"2030","0.932"
"2032","0.932"
"2033","0.932"
"2034","0.932"
"2035","0.932"
"2036","0.932"
"2037","0.932"
"2038","0.958"
"2039","0.958"
"2040","0.959"
"2042","0.971"
"2043","0.973"
"2044","0.974"
"2045","1.894"
"2046","0.947"
"2047","0.947"
"2048","0.947"
"2050","0.947"
"2051","0.947"
"2052","0.946"
"2053","0.946"
"2054","0.946"
"2056","0.946"
"2057","0.946"
"2058","0.945"
"2060","0.945"
"2061","0.945"
"2062","0.945"
"2063","0.945"
"2064","0.945"
"2065","0.944"
"2066","0.944"
"2067","0.944"
"2068","0.944"
"2069","0.944"
"2070","0.944"
"2071","0.944"
"2072","0.943"
"2073","0.943"
"2074","0.943"
"2076","0.943"
"2078","0.943"
"2079","0.943"
"2080","0.942"
"2081","0.942"
"2083","0.942"
"2084","0.941"
"2086","0.941"
"2087","0.941"
"2088","0.941"
"2089","0.941"
"2090","0.941"
"2091","0.941"
"2092","0.941"
"2094","0.94"
"2095","0.94"
"2096","0.94"
"2097","0.94"
"2098","0.94"
"2099","0.94"
"2100","0.94"
"2101","0.94"
"2102","0.941"
"2103","0.941"
"2106","0.941"
"2107","0.941"
"2108","0.941"
"2109","0.94"
"2110","0.94"
"2111","0.94"
"2112","0.94"
"2113","0.94"
"2114","0.94"
"2115","0.94"
"2116","0.94"
"2117","0.94"
"2118","0.939"
"2119","0.939"
"2120","0.939"
"2121","0.939"
"2122","0.939"
"2123","0.939"
"2126","0.939"
"2127","0.939"
"2128","0.939"
"2129","0.939"
"2130","0.938"
"2131","0.938"
"2132","0.938"
"2133","0.938"
"2134","0.938"
"2135","0.938"
"2136","0.938"
"2137","0.938"
"2138","0.938"
"2139","0.937"
"2140","0.937"
"2141","0.937"
"2142","0.937"
"2144","0.937"
"2145","0.937"
"2149","0.937"
"2150","0.936"
"2151","0.936"
"2152","0.936"
"2154","0.936"
"2155","0.936"
"2156","0.936"
"2157","0.936"
"2158","0.936"
"2159","0.935"
"2160","0.936"
"2161","0.936"
"2162","0.935"
"2163","0.935"
"2164","0.935"
"2165","0.935"
"2166","0.935"
"2167","0.935"
"2168","0.933"
"2169","0.935"
"2170","0.935"
"2171","0.935"
"2172","0.935"
"2173","0.934"
"2174","0.934"
"2176","0.934"
"2177","0.934"
"2178","0.934"
"2179","0.934"
"2180","0.934"
"2181","0.934"
"2182","0.933"
"2183","0.933"
"2184","0.933"
"2186","0.933"
"2187","0.933"
"2188","0.933"
"2189","0.933"
"2191","0.933"
"2192","0.933"
"2193","0.933"
"2194","0.932"
"2195","0.932"
"2196","0.932"
"2197","0.932"
"2198","0.932"
"2199","0.932"
"2200","0.932"
"2201","0.932"
"2202","0.932"
"2203","0.932"
"2204","0.931"
"2205","0.931"
"2206","0.931"
"2207","0.931"
"2208","0.931"
"2209","0.931"
"2210","0.931"
"2211","0.931"
"2212","0.931"
"2215","0.931"
"2216","0.931"
"2217","0.931"
"2218","0.931"
"2219","0.93"
"2220","0.93"
"2221","0.93"
"2222","0.93"
"2224","0.93"
"2225","0.93"
"2226","0.93"
"2227","0.93"
"2228","0.93"
"2229","0.929"
"2230","0.929"
"2232","0.929"
"2233","0.929"
"2234","0.929"
"2235","0.929"
"2236","0.929"
"2237","0.929"
"2238","0.929"
"2239","0.929"
"2240","0.929"
"2241","0.929"
"2242","0.928"
"2243","0.928"
"2244","0.928"
"2245","0.928"
"2246","0.928"
"2247","0.928"
"2248","0.928"
"2249","0.928"
"2250","0.928"
"2251","0.928"
"2252","0.928"
"2253","0.928"
"2254","0.928"
"2255","0.927"
"2256","0.927"
"2257","0.927"
"2259","0.927"
"2260","0.927"
"2261","0.927"
"2262","0.927"
"2263","0.927"
"2264","0.927"
"2265","0.927"
"2266","0.926"
"2267","0.927"
"2268","0.926"
"2269","0.926"
"2270","0.926"
"2271","0.926"
"2272","0.926"
"2273","0.926"
"2275","0.926"
"2276","0.926"
"2277","0.926"
"2278","0.925"
"2279","0.925"
"2281","0.925"
"2282","0.925"
"2283","0.925"
"2284","0.925"
"2285","0.925"
"2286","0.925"
"2288","0.925"
"2289","0.925"
"2290","0.924"
"2291","0.924"
"2292","0.924"
"2294","0.924"
"2296","0.924"
"2297","0.924"
"2298","0.924"
"2299","0.924"
"2300","0.924"
"2301","0.924"
"2302","0.923"
"2303","0.923"
"2304","0.923"
"2305","0.923"
"2306","0.923"
"2307","0.923"
"2308","0.923"
"2309","0.923"
"2311","0.923"
"2312","0.923"
"2313","0.923"
"2314","0.923"
"2315","0.922"
"2316","0.922"
"2317","0.922"
"2318","0.922"
"2319","0.922"
"2320","0.922"
"2321","0.922"
"2322","0.922"
"2323","0.922"
"2324","0.922"
"2325","0.922"
"2326","0.922"
"2327","0.921"
"2328","0.921"
"2329","0.921"
"2330","0.921"
"2331","0.921"
"2332","0.921"
"2333","0.921"
"2334","0.921"
"2335","0.921"
"2336","0.921"
"2337","0.921"
"2338","0.921"
"2339","0.921"
"2340","0.92"
"2341","0.92"
"2342","0.92"
"2343","0.92"
"2344","0.92"
"2345","0.92"
"2346","0.92"
"2348","0.92"
"2349","0.92"
"2351","0.92"
"2352","0.92"
"2353","0.92"
"2354","0.919"
"2355","0.919"
"2356","0.919"
"2357","0.919"
"2358","0.92"
"2359","0.92"
"2360","0.92"
"2361","0.92"
"2362","0.919"
"2363","0.919"
"2364","0.919"
"2365","0.92"
"2366","0.92"
"2367","0.92"
"2368","0.92"
"2369","0.92"
"2370","0.918"
"2371","0.918"
"2372","0.918"
"2373","0.918"
"2374","0.918"
"2375","0.918"
"2377","0.918"
"2378","0.918"
"2379","0.918"
"2380","0.917"
"2381","0.917"
"2382","0.917"
"2383","0.917"
"2384","0.917"
"2386","0.917"
"2387","0.917"
"2388","0.918"
"2390","0.917"
"2391","0.917"
"2392","0.917"
"2393","0.917"
"2394","0.917"
"2395","0.917"
"2396","0.917"
"2397","0.917"
"2398","0.916"
"2399","0.916"
"2401","0.916"
"2403","0.916"
"2404","0.916"
"2405","0.916"
"2406","0.916"
"2407","0.915"
"2408","0.916"
"2409","0.915"
"2410","0.915"
"2412","0.915"
"2413","0.915"
"2414","0.915"
"2415","0.915"
"2416","0.915"
"2417","0.915"
"2418","0.915"
"2419","0.915"
"2420","0.915"
"2421","0.915"
"2422","0.914"
"2423","0.914"
"2424","0.914"
"2425","0.914"
"2426","0.914"
"2427","0.914"
"2428","0.914"
"2429","0.914"
"2430","0.914"
"2432","0.914"
"2433","0.914"
"2434","0.914"
"2435","0.913"
"2436","0.913"
"2437","0.913"
"2438","0.913"
"2439","0.913"
"2440","0.913"
"2441","0.913"
"2442","0.913"
"2443","0.913"
"2444","0.913"
"2445","0.913"
"2446","0.913"
"2447","0.913"
"2448","0.913"
"2449","0.912"
"2450","0.912"
"2451","0.912"
"2452","0.912"
"2453","0.912"
"2454","0.912"
"2455","0.912"
"2456","0.912"
"2457","0.912"
"2458","0.912"
"2459","0.912"
"2460","0.912"
"2461","0.912"
"2462","0.912"
"2463","0.912"
"2465","0.911"
"2466","0.911"
"2468","0.911"
"2469","0.911"
"2470","0.911"
"2471","0.911"
"2472","0.911"
"2473","0.911"
"2475","0.911"
"2476","0.911"
"2478","0.91"
"2480","0.91"
"2481","0.91"
"2482","0.91"
"2483","0.91"
"2484","0.91"
"2485","0.91"
"2486","0.91"
"2487","0.91"
"2488","0.91"
"2489","0.91"
"2490","0.91"
"2491","0.91"
"2492","0.909"
"2493","0.909"
"2494","0.909"
"2495","0.909"
"2496","0.909"
"2497","0.909"
"2498","0.909"
"2499","0.909"
"2500","0.909"
"2501","0.909"
"2502","0.909"
"2503","0.909"
"2504","0.909"
"2506","0.908"
"2507","0.908"
"2508","0.908"
"2509","0.908"
"2510","0.908"
"2511","0.908"
"2512","0.908"
"2514","0.908"
"2515","0.908"
"2516","0.908"
"2517","0.908"
"2518","0.908"
"2519","0.907"
"2520","0.907"
"2521","0.907"
"2522","0.907"
"2523","0.907"
"2524","0.907"
"2525","0.907"
"2526","0.907"
"2527","0.907"
"2528","0.907"
"2529","0.907"
"2530","0.907"
"2531","0.907"
"2532","0.907"
"2533","0.906"
"2534","0.906"
"2535","0.906"
"2536","0.906"
"2537","0.906"
"2538","0.906"
"2539","0.906"
"2540","0.906"
"2541","0.906"
"2542","0.906"
"2543","0.906"
"2544","0.906"
"2545","0.906"
"2546","0.905"
"2547","0.905"
"2548","0.905"
"2549","0.905"
"2550","0.905"
"2551","0.905"
"2552","0.905"
"2553","0.905"
"2554","0.905"
"2556","0.905"
"2557","0.905"
"2558","0.905"
"2559","0.905"
"2560","0.905"
"2561","0.905"
"2562","0.905"
"2563","0.904"
"2564","0.905"
"2565","0.905"
"2566","0.905"
"2567","0.905"
"2568","0.905"
"2569","0.904"
"2570","0.904"
"2571","0.904"
"2572","0.904"
"2573","0.904"
"2574","0.904"
"2576","0.904"
"2578","0.904"
"2580","0.904"
"2581","0.904"
"2582","0.903"
"2583","0.903"
"2584","0.903"
"2585","0.903"
"2586","0.903"
"2587","0.903"
"2588","0.903"
"2589","0.903"
"2590","0.903"
"2591","0.903"
"2592","0.903"
"2593","0.903"
"2594","0.903"
"2595","0.902"
"2596","0.902"
"2597","0.902"
"2598","0.902"
"2600","0.902"
"2601","0.902"
"2602","0.902"
"2603","0.902"
"2604","0.902"
"2605","0.902"
"2606","0.902"
"2607","0.902"
"2608","0.901"
"2609","0.901"
"2613","0.901"
"2614","0.901"
"2615","0.901"
"2616","0.901"
"2618","0.901"
"2619","0.901"
"2620","0.901"
"2621","0.901"
"2622","0.9"
"2623","0.9"
"2624","0.9"
"2625","0.9"
"2626","0.9"
"2627","0.9"
"2628","0.9"
"2629","0.9"
"2630","0.9"
"2631","0.9"
"2632","0.9"
"2633","0.9"
"2634","0.9"
"2635","0.9"
"2636","0.9"
"2637","0.9"
"2638","0.9"
"2639","0.899"
"2640","0.899"
"2641","0.899"
"2642","0.899"
"2643","0.899"
"2644","0.899"
"2645","0.899"
"2646","0.899"
"2647","0.899"
"2648","0.899"
"2649","0.899"
"2650","0.899"
"2652","0.899"
"2653","0.899"
"2654","0.899"
"2655","0.898"
"2657","0.898"
"2658","0.898"
"2659","0.898"
"2660","0.898"
"2661","0.898"
"2662","0.898"
"2663","0.898"
"2664","0.898"
"2665","0.898"
"2666","0.898"
"2667","0.898"
"2668","0.897"
"2669","0.897"
"2672","0.897"
"2673","0.897"
"2675","0.897"
"2677","0.897"
"2678","0.897"
"2679","0.897"
"2680","0.897"
"2681","0.897"
"2682","0.896"
"2684","0.896"
"2685","0.896"
"2686","0.896"
"2687","0.896"
"2689","0.896"
"2690","0.896"
"2691","0.895"
"2692","0.895"
"2693","0.896"
"2695","0.895"
"2696","0.895"
"2697","0.895"
"2698","0.895"
"2699","0.895"
"2700","0.895"
"2701","0.895"
"2702","0.895"
"2703","0.895"
"2704","0.895"
"2705","0.895"
"2706","0.895"
"2707","0.894"
"2708","0.894"
"2709","0.894"
"2710","0.894"
"2711","0.894"
"2712","0.894"
"2713","0.894"
"2714","0.894"
"2715","0.894"
"2716","0.894"
"2717","0.894"
"2718","0.893"
"2719","0.894"
"2720","0.893"
"2721","0.894"
"2722","0.893"
"2723","0.893"
"2724","0.893"
"2725","0.893"
"2726","0.893"
"2727","0.893"
"2728","0.893"
"2729","0.893"
"2730","0.893"
"2731","0.893"
"2732","0.892"
"2733","0.892"
"2734","0.892"
"2736","0.892"
"2737","0.892"
"2738","0.892"
"2739","0.892"
"2740","0.892"
"2741","0.892"
"2742","0.892"
"2743","0.892"
"2744","0.891"
"2745","0.891"
"2746","0.891"
"2747","0.891"
"2748","0.891"
"2749","0.891"
"2750","0.891"
"2751","0.891"
"2752","0.891"
"2753","0.891"
"2754","0.891"
"2755","0.891"
"2756","0.891"
"2757","0.891"
"2761","0.89"
"2762","0.89"
"2763","0.89"
"2765","0.89"
"2766","0.89"
"2767","0.89"
"2768","0.89"
"2769","0.89"
"2770","0.89"
"2771","0.89"
"2772","0.89"
"2773","0.89"
"2774","0.889"
"2776","0.889"
"2777","0.889"
"2778","0.889"
"2779","0.889"
"2780","0.889"
"2781","0.889"
"2782","0.889"
"2783","0.889"
"2784","0.889"
"2785","0.888"
"2788","0.888"
"2789","0.888"
"2790","0.888"
"2791","0.888"
"2792","0.888"
"2793","0.888"
"2794","0.888"
"2795","0.888"
"2796","0.888"
"2797","0.888"
"2798","0.888"
"2799","0.888"
"2800","0.887"
"2801","0.888"
"2802","0.887"
"2803","0.888"
"2804","0.888"
"2805","0.888"
"2806","0.887"
"2808","0.888"
"2809","0.887"
"2810","0.887"
"2811","0.887"
"2812","0.888"
"2813","0.888"
"2814","0.887"
"2815","0.887"
"2816","0.887"
"2817","0.887"
"2818","0.887"
"2819","0.887"
"2820","0.887"
"2821","0.887"
"2822","0.887"
"2823","0.887"
"2824","0.886"
"2825","0.886"
"2826","0.886"
"2827","0.886"
"2828","0.886"
"2829","0.886"
"2830","0.886"
"2831","0.886"
"2832","0.886"
"2833","0.886"
"2834","0.886"
"2835","0.886"
"2836","0.885"
"2837","0.885"
"2838","0.885"
"2839","0.885"
"2841","0.885"
"2842","0.885"
"2843","0.885"
"2844","0.885"
"2845","0.885"
"2846","0.885"
"2847","0.885"
"2848","0.885"
"2849","0.884"
"2850","0.884"
"2851","0.884"
"2853","0.884"
"2855","0.884"
"2856","0.884"
"2857","0.884"
"2858","0.885"
"2859","0.884"
"2860","0.884"
"2861","0.883"
"2862","0.883"
"2863","0.883"
"2865","0.883"
"2866","0.883"
"2867","0.883"
"2868","0.883"
"2869","0.883"
"2871","0.883"
"2872","0.883"
"2873","0.883"
"2874","0.882"
"2875","0.882"
"2876","0.882"
"2877","0.882"
"2878","0.882"
"2880","0.882"
"2881","0.882"
"2882","0.882"
"2883","0.882"
"2884","0.882"
"2886","0.882"
"2887","0.882"
"2888","0.881"
"2889","0.881"
"2890","0.881"
"2891","0.881"
"2892","0.881"
"2893","0.881"
"2894","0.881"
"2895","0.881"
"2896","0.881"
"2897","0.881"
"2898","0.881"
"2899","0.881"
"2901","0.881"
"2902","0.88"
"2904","0.88"
"2905","0.88"
"2906","0.88"
"2907","0.88"
"2908","0.88"
"2909","0.88"
"2910","0.88"
"2911","0.88"
"2912","0.88"
"2915","0.88"
"2916","0.88"
"2917","0.879"
"2918","0.879"
"2919","0.879"
"2920","0.879"
"2921","0.879"
"2922","0.879"
"2923","0.879"
"2924","0.879"
"2925","0.879"
"2926","0.879"
"2927","0.879"
"2928","0.879"
"2929","0.879"
"2930","0.879"
"2931","0.879"
"2932","0.878"
"2933","0.878"
"2935","0.878"
"2936","0.878"
"2937","0.878"
"2938","0.878"
"2939","0.878"
"2940","0.878"
"2941","0.878"
"2942","0.878"
"2943","0.878"
"2944","0.878"
"2945","0.878"
"2947","0.878"
"2948","0.877"
"2949","0.877"
"2950","0.877"
"2951","0.877"
"2952","0.877"
"2953","0.877"
"2954","0.877"
"2955","0.877"
"2957","0.877"
"2958","0.877"
"2959","0.877"
"2960","0.877"
"2962","0.876"
"2963","0.876"
"2964","0.876"
"2966","0.876"
"2967","0.876"
"2969","0.876"
"2971","0.876"
"2972","0.876"
"2973","0.875"
"2975","0.876"
"2976","0.875"
"2977","0.875"
"2978","0.875"
"2979","0.875"
"2980","0.875"
"2981","0.875"
"2983","0.875"
"2984","0.875"
"2985","0.875"
"2986","0.875"
"2987","0.875"
"2988","0.874"
"2989","0.874"
"2991","0.874"
"2992","0.874"
"2993","0.874"
"2994","0.874"
"2995","0.874"
"2996","0.874"
"2997","0.874"
"2998","0.874"
"2999","0.874"
"3000","0.874"
"3001","0.873"
"3002","0.873"
"3003","0.873"
"3004","0.873"
"3005","0.873"
"3006","0.873"
"3006","0.873"
"3007","0.873"
"3009","0.873"
"3010","0.873"
"3011","0.873"
"3012","0.873"
"3013","0.873"
"3014","0.872"
"3015","0.872"
"3016","0.872"
"3017","0.872"
"3018","0.872"
"3019","0.872"
"3020","0.872"
"3021","0.872"
"3022","0.872"
"3023","0.872"
"3025","0.872"
"3026","0.872"
"3027","0.872"
"3028","0.872"
"3029","0.871"
"3030","0.871"
"3031","0.871"
"3032","0.871"
"3033","0.871"
"3034","0.871"
"3035","0.871"
"3036","0.871"
"3037","0.871"
"3038","0.871"
"3039","0.871"
"3040","0.871"
"3041","0.87"
"3042","0.871"
"3043","0.871"
"3044","0.91"
"3045","0.91"
"3046","0.911"
"3047","0"
"3048","0"
"3049","0.921"
"3050","0.923"
"3051","0.923"
"3052","1.765"
"3053","0.882"
"3054","0.882"
"3055","0.881"
"3056","0.881"
"3057","0.881"
"3058","0.88"
"3059","0.88"
"3060","0.879"
"3061","0.879"
"3062","0.879"
"3064","0.878"
"3065","0.878"
"3066","0.878"
"3067","0.877"
"3068","0.877"
"3069","0.877"
"3070","0.877"
"3072","0.876"
"3073","0.876"
"3074","0.876"
"3075","0.876"
"3076","0.875"
"3077","0.875"
"3078","0.875"
"3079","0.875"
"3080","0.875"
"3081","0.874"
"3082","0.874"
"3084","0.874"
"3086","0.873"
"3087","0.873"
"3088","0.873"
"3089","0.873"
"3090","0.873"
"3091","0.873"
"3092","0.873"
"3093","0.872"
"3094","0.872"
"3095","0.872"
"3096","0.872"
"3097","0.872"
"3098","0.872"
"3099","0.872"
"3100","0.871"
"3101","0.871"
"3102","0.871"
"3103","0.871"
"3104","0.871"
"3105","0.871"
"3106","0.87"
"3107","0.87"
"3108","0.87"
"3109","0.87"
"3110","0.87"
"3111","0.87"
"3112","0.869"
"3113","0.87"
"3114","0.87"
"3115","0.869"
"3116","0.869"
"3117","0.869"
"3118","0.869"
"3119","0.869"
"3120","0.869"
"3121","0.869"
"3122","0.868"
"3123","0.869"
"3124","0.868"
"3126","0.868"
"3127","0.868"
"3128","0.868"
"3129","0.868"
"3130","0.868"
"3131","0.868"
"3132","0.868"
"3133","0.868"
"3134","0.868"
"3135","0.868"
"3136","0.868"
"3137","0.868"
"3138","0.867"
"3139","0.867"
"3140","0.867"
"3141","0.867"
"3142","0.867"
"3143","0.867"
"3144","0.867"
"3146","0.867"
"3147","0.866"
"3148","0.866"
"3150","0.866"
"3151","0.866"
"3152","0.866"
"3153","0.866"
"3155","0.866"
"3156","0.865"
"3157","0.866"
"3158","0.866"
"3159","0.866"
"3160","0.865"
"3161","0.865"
"3162","0.865"
"3163","0.865"
"3164","0.865"
"3165","0.865"
"3167","0.865"
"3168","0.865"
"3169","0.865"
"3170","0.865"
"3171","0.862"
"3172","0.862"
"3173","0.862"
"3174","0.862"
"3175","0.862"
"3176","0.862"
"3177","0.862"
"3178","0.862"
"3179","0.862"
"3181","0.862"
"3182","0.862"
"3183","0.862"
"3184","0.862"
"3186","0.862"
"3187","0.861"
"3188","0.861"
"3189","0.861"
"3190","0.861"
"3191","0.861"
"3192","0.861"
"3193","0.861"
"3194","0.861"
"3195","0.861"
"3196","0.861"
"3197","0.861"
"3198","0.861"
"3199","0.861"
"3200","0.86"
"3201","0.86"
"3202","0.86"
"3204","0.86"
"3205","0.86"
"3207","0.86"
"3209","0.86"
"3210","0.86"
"3211","0.86"
"3212","0.86"
"3213","0.859"
"3214","0.859"
"3215","0.859"
"3216","0.859"
"3217","0.859"
"3218","0.859"
"3220","0.859"
"3221","0.859"
"3222","0.859"
"3223","0.859"
"3224","0.859"
"3225","0.859"
"3226","0.859"
"3227","0.859"
"3228","0.859"
"3229","0.859"
"3230","0.858"
"3231","0.858"
"3232","0.859"
"3233","0.858"
"3234","0.858"
"3235","0.858"
"3236","0.858"
"3238","0.858"
"3239","0.858"
"3240","0.858"
"3241","0.858"
"3243","0.858"
"3244","0.858"
"3245","0.858"
"3246","0.857"
"3247","0.857"
"3249","0.857"
"3250","0.857"
"3252","0.857"
"3253","0.857"
"3254","0.857"
"3255","0.857"
"3257","0.857"
"3258","0.856"
"3259","0.857"
"3260","0.857"
"3261","0.856"
"3262","0.856"
"3263","0.856"
"3264","0.856"
"3265","0.856"
"3266","0.856"
"3267","0.856"
"3268","0.856"
"3269","0.856"
"3270","0.856"
"3271","0.856"
"3272","0.856"
"3273","0.855"
"3274","0.855"
"3275","0.855"
"3276","0.855"
"3277","0.855"
"3278","0.855"
"3279","0.855"
"3281","0.855"
"3283","0.855"
"3285","0.854"
"3286","0.854"
"3287","0.854"
"3288","0.854"
"3289","0.854"
"3290","0.854"
"3291","0.854"
"3292","0.854"
"3293","0.854"
"3294","0.854"
"3297","0.853"
"3298","0.854"
"3300","0.853"
"3301","0.853"
"3302","0.853"
"3303","0.853"
"3304","0.853"
"3305","0.853"
"3306","0.853"
"3307","0.853"
"3308","0.852"
"3309","0.853"
"3310","0.853"
"3311","0.853"
"3312","0.853"
"3313","0.852"
"3314","0.852"
"3315","0.853"
"3316","0.852"
"3319","0.852"
"3320","0.852"
"3321","0.852"
"3322","0.852"
"3323","0.852"
"3324","0.852"
"3325","0.852"
"3326","0.852"
"3327","0.852"
"3328","0.851"
"3329","0.851"
"3330","0.851"
"3331","0.851"
"3332","0.851"
"3333","0.851"
"3334","0.851"
"3335","0.85"
"3336","0.851"
"3337","0.851"
"3338","0.85"
"3339","0.85"
"3340","0.85"
"3341","0.85"
"3342","0.85"
"3343","0.85"
"3344","0.85"
"3347","0.85"
"3348","0.85"
"3349","0.85"
"3350","0.85"
"3351","0.849"
"3352","0.85"
"3353","0.849"
"3354","0.849"
"3355","0.849"
"3356","0.849"
"3357","0.849"
"3358","0.849"
"3359","0.849"
"3360","0.849"
"3361","0.849"
"3362","0.849"
"3364","0.848"
"3366","0.848"
"3367","0.848"
"3368","0.848"
"3369","0.848"
"3370","0.848"
"3371","0.848"
"3372","0.848"
"3373","0.848"
"3374","0.848"
"3375","0.848"
"3376","0.848"
"3378","0.847"
"3379","0.848"
"3380","0.847"
"3382","0.847"
"3384","0.847"
"3385","0.847"
"3387","0.846"
"3388","0.846"
"3389","0.846"
"3391","0.846"
"3392","0.846"
"3393","0.846"
"3394","0.846"
"3395","0.846"
"3396","0.846"
"3397","0.846"
"3398","0.846"
"3399","0.846"
"3401","0.845"
"3402","0.845"
"3404","0.845"
"3405","0.845"
"3406","0.845"
"3407","0.845"
"3408","0.845"
"3409","0.845"
"3410","0.845"
"3411","0.845"
"3415","0.844"
"3416","0.844"
"3417","0.844"
"3418","0.844"
"3419","0.844"
"3420","0.844"
"3421","0.844"
"3423","0.844"
"3424","0.844"
"3425","0.843"
"3426","0.843"
"3427","0.843"
"3428","0.843"
"3430","0.843"
"3431","0.843"
"3432","0.843"
"3433","0.843"
"3434","0.843"
"3436","0.843"
"3437","0.843"
"3438","0.842"
"3439","0.842"
"3441","0.842"
"3442","0.842"
"3443","0.842"
"3444","0.842"
"3445","0.842"
"3446","0.842"
"3447","0.842"
"3448","0.842"
"3449","0.842"
"3450","0.842"
"3451","0.841"
"3452","0.841"
"3453","0.841"
"3454","0.841"
"3455","0.841"
"3456","0.841"
"3457","0.841"
"3458","0.841"
"3459","0.841"
"3460","0.841"
"3461","0.841"
"3462","0.841"
"3463","0.84"
"3464","0.84"
"3465","0.84"
"3466","0.84"
"3467","0.84"
"3469","0.84"
"3471","0.84"
"3473","0.84"
"3474","0.84"
"3475","0.84"
"3476","0.839"
"3477","0.839"
"3478","0.839"
"3479","0.839"
"3480","0.839"
"3481","0.839"
"3482","0.839"
"3483","0.839"
"3484","0.839"
"3485","0.839"
"3487","0.838"
"3489","0.838"
"3490","0.838"
"3491","0.839"
"3492","0.838"
"3494","0.838"
"3496","0.838"
"3497","0.838"
"3498","0.838"
"3499","0.838"
"3500","0.838"
"3501","0.838"
"3502","0.838"
"3503","0.837"
"3504","0.838"
"3505","0.837"
"3506","0.837"
"3507","0.837"
"3508","0.837"
"3509","0.837"
"3510","0.837"
"3511","0.837"
"3512","0.837"
"3513","0.836"
"3514","0.837"
"3515","0.837"
"3516","0.837"
"3517","0.837"
"3518","0.836"
"3519","0.836"
"3520","0.836"
"3521","0.836"
"3522","0.836"
"3523","0.836"
"3524","0.836"
"3525","0.836"
"3526","0.836"
"3527","0.836"
"3528","0.835"
"3529","0.835"
"3530","0.835"
"3531","0.835"
"3532","0.835"
"3534","0.835"
"3535","0.835"
"3536","0.835"
"3537","0.835"
"3538","0.835"
"3539","0.835"
"3540","0.834"
"3541","0.835"
"3542","0.835"
"3543","0.834"
"3544","0.834"
"3545","0.834"
"3546","0.834"
"3547","0.834"
"3549","0.834"
"3550","0.834"
"3551","0.834"
"3552","0.878"
"3555","0"
"3557","0.901"
"3558","0.901"
"3559","1.722"
"3560","0.859"
"3562","0.858"
"3563","0.857"
"3565","0.856"
"3566","0.855"
"3567","0.854"
"3568","0.854"
"3569","0.854"
"3570","0.853"
"3571","0.852"
"3572","0.852"
"3573","0.851"
"3574","0.851"
"3575","0.851"
"3576","0.85"
"3577","0.85"
"3578","0.85"
"3579","0.849"
"3581","0.849"
"3582","0.848"
"3584","0.848"
"3585","0.847"
"3586","0.848"
"3587","0.847"
"3588","0.847"
"3589","0.847"
"3590","0.846"
"3591","0.846"
"3592","0.846"
"3593","0.846"
"3594","0.846"
"3596","0.846"
"3597","0.845"
"3598","0.845"
"3599","0.845"
"3601","0.845"
"3602","0.845"
"3604","0.844"
"3605","0.844"
"3606","0.844"
"3607","0.843"
"3608","0.843"
"3610","0.843"
"3611","0.843"
"3612","0.842"
"3613","0.842"
"3614","0.842"
"3616","0.842"
"3617","0.842"
"3618","0.841"
"3619","0.841"
"3620","0.841"
"3621","0.841"
"3623","0.841"
"3624","0.841"
"3625","0.841"
"3626","0.84"
"3627","0.84"
"3628","0.84"
"3629","0.84"
"3630","0.84"
"3631","0.84"
"3632","0.84"
"3634","0.839"
"3635","0.839"
"3636","0.839"
"3637","0.839"
"3638","0.839"
"3641","0.838"
"3642","0.838"
"3643","0.838"
"3645","0.838"
"3646","0.838"
"3647","0.838"
"3648","0.837"
"3649","0.837"
"3650","0.837"
"3651","0.837"
"3652","0.837"
"3653","0.837"
"3654","0.837"
"3656","0.837"
"3657","0.836"
"3658","0.837"
"3659","0.836"
"3660","0.836"
"3662","0.836"
"3663","0.836"
"3664","0.836"
"3665","0.835"
"3666","0.835"
"3667","0.835"
"3668","0.835"
"3669","0.835"
"3671","0.835"
"3672","0.835"
"3674","0.834"
"3675","0.834"
"3677","0.834"
"3678","0.834"
"3679","0.834"
"3680","0.834"
"3681","0.834"
"3682","0.833"
"3683","0.833"
"3684","0.833"
"3686","0.833"
"3687","0.833"
"3688","0.833"
"3689","0.833"
"3690","0.833"
"3691","0.833"
"3693","0.832"
"3694","0.833"
"3695","0.832"
"3696","0.832"
"3698","0.832"
"3699","0.832"
"3700","0.832"
"3701","0.832"
"3702","0.832"
"3704","0.832"
"3705","0.832"
"3706","0.831"
"3707","0.831"
"3708","0.831"
"3709","0.831"
"3710","0.831"
"3711","0.831"
"3712","0.831"
"3713","0.83"
"3714","0.83"
"3715","0.83"
"3716","0.83"
"3718","0.83"
"3719","0.83"
"3720","0.83"
"3721","0.83"
"3723","0.83"
"3724","0.829"
"3725","0.829"
"3726","0.829"
"3727","0.829"
"3728","0.829"
"3729","0.829"
"3730","0.829"
"3731","0.828"
"3732","0.828"
"3733","0.828"
"3734","0.828"
"3735","0.828"
"3736","0.828"
"3738","0.828"
"3739","0.828"
"3740","0.828"
"3741","0.827"
"3743","0.827"
"3744","0.827"
"3746","0.826"
"3747","0.826"
"3748","0.826"
"3749","0.826"
"3750","0.826"
"3751","0.826"
"3752","0.826"
"3753","0.826"
"3754","0.826"
"3756","0.826"
"3757","0.826"
"3758","0.826"
"3759","0.826"
"3760","0.826"
"3761","0.826"
"3762","0.826"
"3763","0.826"
"3765","0.825"
"3766","0.825"
"3767","0.825"
"3768","0.825"
"3769","0.825"
"3770","0.825"
"3771","0.825"
"3772","0.824"
"3773","0.824"
"3774","0.824"
"3775","0.824"
"3776","0.824"
"3777","0.824"
"3778","0.824"
"3779","0.824"
"3780","0.824"
"3782","0.823"
"3783","0.823"
"3784","0.823"
"3785","0.823"
"3786","0.823"
"3788","0.823"
"3789","0.823"
"3791","0.823"
"3792","0.822"
"3793","0.822"
"3794","0.822"
"3795","0.822"
"3797","0.822"
"3798","0.822"
"3799","0.821"
"3800","0.821"
"3801","0.821"
"3804","0.821"
"3805","0.821"
"3806","0.821"
"3807","0.821"
"3808","0.821"
"3809","0.821"
"3810","0.82"
"3811","0.82"
"3812","0.82"
"3813","0.82"
"3814","0.82"
"3815","0.82"
"3816","0.82"
"3817","0.82"
"3818","0.819"
"3819","0.819"
"3820","0.819"
"3821","0.819"
"3822","0.819"
"3823","0.819"
"3825","0.819"
"3826","0.819"
"3827","0.819"
"3828","0.819"
"3829","0.819"
"3831","0.818"
"3832","0.818"
"3833","0.818"
"3834","0.818"
"3835","0.818"
"3836","0.818"
"3837","0.818"
"3838","0.817"
"3839","0.817"
"3840","0.817"
"3841","0.817"
"3843","0.817"
"3844","0.817"
"3845","0.817"
"3847","0.817"
"3848","0.817"
"3849","0.816"
"3850","0.816"
"3851","0.816"
"3852","0.816"
"3853","0.816"
"3854","0.816"
"3855","0.816"
"3857","0.816"
"3858","0.816"
"3859","0.815"
"3860","0.815"
"3861","0.815"
"3862","0.815"
"3863","0.815"
"3864","0.815"
"3865","0.815"
"3866","0.815"
"3867","0.815"
"3868","0.815"
"3869","0.815"
"3870","0.814"
"3871","0.814"
"3872","0.814"
"3874","0.814"
"3875","0.814"
"3876","0.814"
"3877","0.814"
"3878","0.814"
"3879","0.813"
"3880","0.814"
"3881","0.814"
"3882","0.814"
"3883","0.814"
"3884","0.814"
"3885","0.813"
"3886","0.813"
"3887","0.813"
"3888","0.813"
"3889","0.813"
"3890","0.812"
"3891","0.812"
"3892","0.812"
"3894","0.812"
"3895","0.812"
"3896","0.812"
"3897","0.812"
"3898","0.812"
"3899","0.812"
"3900","0.811"
"3901","0.811"
"3902","0.811"
"3903","0.811"
"3904","0.811"
"3905","0.811"
"3906","0.811"
"3907","0.811"
"3908","0.811"
"3909","0.811"
"3910","0.81"
"3911","0.81"
"3913","0.81"
"3914","0.81"
"3915","0.81"
"3917","0.81"
"3918","0.81"
"3919","0.81"
"3920","0.81"
"3921","0.809"
"3922","0.81"
"3923","0.81"
"3924","0.809"
"3925","0.809"
"3926","0.809"
"3927","0.809"
"3928","0.809"
"3929","0.808"
"3930","0.809"
"3931","0.809"
"3932","0.809"
"3933","0.809"
"3934","0.809"
"3935","0.808"
"3936","0.808"
"3937","0.808"
"3938","0.808"
"3939","0.808"
"3940","0.808"
"3941","0.808"
"3942","0.808"
"3944","0.808"
"3945","0.807"
"3946","0.808"
"3947","0.808"
"3948","0.807"
"3949","0.807"
"3950","0.807"
"3951","0.807"
"3952","0.807"
"3953","0.807"
"3954","0.807"
"3955","0.807"
"3956","0.807"
"3957","0.807"
"3958","0.806"
"3959","0.806"
"3960","0.806"
"3961","0.806"
"3962","0.806"
"3963","0.806"
"3964","0.806"
"3965","0.806"
"3966","0.805"
"3968","0.805"
"3969","0.805"
"3970","0.805"
"3972","0.805"
"3973","0.805"
"3974","0.805"
"3975","0.805"
"3977","0.805"
"3978","0.804"
"3979","0.804"
"3980","0.804"
"3981","0.804"
"3983","0.804"
"3984","0.804"
"3985","0.804"
"3986","0.804"
"3987","0.804"
"3988","0.803"
"3989","0.804"
"3990","0.803"
"3991","0.803"
"3992","0.803"
"3993","0.803"
"3994","0.803"
"3995","0.803"
"3996","0.803"
"3997","0.803"
"3998","0.803"
"3999","0.803"
"4000","0.803"
"4001","0.802"
"4002","0.802"
"4003","0.802"
"4004","0.802"
"4005","0.802"
"4006","0.802"
"4007","0.802"
"4008","0.802"
"4009","0.802"
"4010","0.802"
"4011","0.801"
"4012","0.801"
"4013","0.801"
"4014","0.801"
"4015","0.801"
"4016","0.801"
"4017","0.801"
"4018","0.801"
"4019","0.801"
"4020","0.801"
"4021","0.801"
"4023","0.8"
"4024","0.8"
"4025","0.8"
"4026","0.8"
"4027","0.8"
"4028","0.8"
"4031","0.8"
"4032","0.8"
"4033","0.8"
"4034","0.799"
"4035","0.799"
"4036","0.799"
"4037","0.799"
"4038","0.799"
"4039","0.799"
"4040","0.799"
"4041","0.799"
"4042","0.799"
"4043","0.799"
"4044","0.799"
"4045","0.799"
"4046","0.798"
"4047","0.798"
"4048","0.798"
"4049","0.798"
"4050","0.798"
"4051","0.798"
"4052","0.798"
"4053","0.798"
"4054","0.798"
"4055","0.797"
"4056","0.797"
"4057","0.797"
"4058","0.797"
